,Augustinian,Benedictine,Bridgettine,Carmelites,Carthusian,Cistercian,Crutched Friars,Dominican,EE,EM,Franciscan,GL,Gilbertine,Grandmontines,Midlands,NAnetInc,NE,NW,North,Premonstratensian,RomanRoadShare,SE,SW,South,WM,YH,areaKm2,bhbo,bhboInc,bhso,bhsoInc,bigHouse,bigOrder,coalShare,county,countyVal1291,countyVal1334,countyVal1514,countyVal1515,countyVal1535,forestShare,friary,goodAgShare,grassShare,houses,ladyHouse,ladyInc,literacy1851,littleLady,oceanDum,pop1086,pop1290,pop1377,pop1600,rebelDum,region,riverShare,royalForestDum,shbo,shboInc,shso,shsoInc,smallHouse,smallOrder,monasticFrac,ladyFrac,churchFrac,shsoFrac,shboFrac,bhsoFrac,bhboFrac,shFrac,bhFrac,soFrac,boFrac,monasticPopFrac,ladyPopFrac,shsoPopFrac,shboPopFrac,bhsoPopFrac,bhboPopFrac,shPopFrac,bhPopFrac,soPopFrac,boPopFrac,housesPerCapita,ladyHousePerCapita,littleLadyPerCapita,friaryPerCapita,BenedictinePerCapita,CistercianPerCapita,AugustinianPerCapita,DominicanPerCapita,FranciscanPerCapita,PremonstratensianPerCapita,CarmelitesPerCapita,CarthusianPerCapita,GilbertinePerCapita,CrutchedFriarsPerCapita,BridgettinePerCapita,GrandmontinesPerCapita,perCapitaInc,povertyIndex,popDensity1600,popDensity1377,BenedictineShare,CistercianShare,AugustinianShare,DominicanShare,FranciscanShare,PremonstratensianShare,CarmelitesShare,CarthusianShare,GilbertineShare,CrutchedFriarsShare,BridgettineShare,GrandmontinesShare,littleLadyShare,ladyShare,friaryShare
0,6.0,1.0,0.0,0.0,0.0,2.0,0.0,1.0,1.0,0.0,1.0,0.0,1.0,0.0,0.0,2368.0,0.0,0.0,0.0,0.0,0.0271628,0.0,0.0,1.0,0.0,0.0,1228.3508,6.0,1933.0,1.0,212.0,7.0,9.0,0.0,BEDFORDSHIRE,2057.0,10017.0,28080.0,24000.0,5097.0,0.031292915,2.0,0.37293914,0.08981435,12.0,2.0,324.0,0.51999998,1.0,0.0,21695.0,64194.0,36771.0,43059.0,0.0,EE,0.12468155,1.0,3.0,220.0,2.0,3.0,5.0,3.0,0.09866666666666667,0.0135,0.212375,0.000125,0.009166666666666667,0.008833333333333334,0.08054166666666666,0.009291666666666667,0.089375,0.008958333333333334,0.08970833333333333,0.05499431013260875,0.007524559325576535,6.967184560719014e-05,0.00510926867786061,0.004923477089574769,0.04489189251956618,0.0051789405234678,0.049815369609140944,0.00499314893518196,0.050001161197426786,0.00027868738242876054,4.644789707146009e-05,2.3223948535730044e-05,4.644789707146009e-05,2.3223948535730044e-05,4.644789707146009e-05,0.00013934369121438027,2.3223948535730044e-05,2.3223948535730044e-05,0.0,0.0,0.0,2.3223948535730044e-05,0.0,0.0,0.0,0.557374764857521,0.09475371002577858,35.05431835921791,29.935259536607948,0.08333333333333333,0.16666666666666666,0.5,0.08333333333333333,0.08333333333333333,0.0,0.0,0.0,0.08333333333333333,0.0,0.0,0.0,0.08333333333333333,0.16666666666666666,0.16666666666666666
1,2.0,5.0,0.0,0.0,0.0,1.0,1.0,0.0,0.0,0.0,1.0,0.0,0.0,0.0,0.0,4242.0,0.0,0.0,0.0,0.0,0.064371668,1.0,0.0,1.0,0.0,0.0,1950.8256,2.0,3814.0,0.0,0.0,2.0,8.0,0.0,BERKSHIRE,3667.0,14688.0,44000.0,41140.0,8576.0,0.26255119,2.0,0.22585602,0.26054019,10.0,1.0,25.0,0.63,1.0,0.0,38232.0,61498.0,41081.0,56889.0,0.0,SE,0.11421272,1.0,6.0,428.0,2.0,0.0,8.0,2.0,0.1031113271754983,0.0006076810889645114,0.208458920758386,0.0,0.010403500243072435,0.0,0.09270782693242587,0.010403500243072435,0.09270782693242587,0.0,0.1031113271754983,0.07456626061277224,0.00043945226669479164,0.0,0.0075234228058148325,0.0,0.06704283780695741,0.0075234228058148325,0.06704283780695741,0.0,0.07456626061277224,0.00017578090667791664,1.7578090667791665e-05,1.7578090667791665e-05,3.515618133558333e-05,8.789045333895832e-05,1.7578090667791665e-05,3.515618133558333e-05,0.0,1.7578090667791665e-05,0.0,0.0,0.0,0.0,1.7578090667791665e-05,0.0,0.0,0.7231626500729491,0.05027333930988416,29.161499623544003,21.058263742284293,0.5,0.1,0.2,0.0,0.1,0.0,0.0,0.0,0.0,0.1,0.0,0.0,0.1,0.1,0.2
2,6.0,4.0,0.0,0.0,0.0,1.0,0.0,0.0,0.0,0.0,1.0,0.0,0.0,0.0,0.0,1453.0,0.0,0.0,0.0,0.0,0.033661202,1.0,0.0,1.0,0.0,0.0,1929.0126,3.0,1114.0,0.0,0.0,3.0,11.0,0.0,BUCKINGHAMSHIRE,3033.0,10079.0,33040.0,33480.0,6201.0,0.26986659,1.0,0.078294747,0.3872796,12.0,4.0,118.0,0.56999999,4.0,0.0,30162.0,88631.0,44604.0,56059.0,0.0,SE,0.10933189,1.0,8.0,336.0,1.0,3.0,9.0,1.0,0.04339904420549582,0.0035244922341696534,0.18521505376344086,8.960573476702509e-05,0.01003584229390681,0.0,0.03327359617682198,0.010125448028673835,0.03327359617682198,8.960573476702509e-05,0.043309438470728795,0.025919120926167074,0.0021049251681264382,5.351504664728233e-05,0.00599368522449562,0.0,0.01987192065502417,0.006047200271142903,0.01987192065502417,5.351504664728233e-05,0.02586560587951979,0.0002140601865891293,7.135339552970977e-05,7.135339552970977e-05,1.783834888242744e-05,7.135339552970977e-05,1.783834888242744e-05,0.00010703009329456466,0.0,1.783834888242744e-05,0.0,0.0,0.0,0.0,0.0,0.0,0.0,0.5972279205836708,-0.007848873508268074,29.060981768600165,23.12271055150184,0.3333333333333333,0.08333333333333333,0.5,0.0,0.08333333333333333,0.0,0.0,0.0,0.0,0.0,0.0,0.0,0.3333333333333333,0.3333333333333333,0.08333333333333333
3,5.0,6.0,0.0,1.0,0.0,0.0,0.0,1.0,1.0,0.0,2.0,0.0,3.0,0.0,0.0,2557.0,0.0,0.0,0.0,0.0,0.069611832,0.0,0.0,1.0,0.0,0.0,2255.114,3.0,1751.0,0.0,0.0,3.0,11.0,0.0,CAMBRIDGESHIRE,6032.0,14802.0,41520.0,36120.0,7822.0,0.020132136,4.0,0.73093337,0.061822128,18.0,4.0,380.0,0.58000004,4.0,0.0,31123.0,137373.0,52885.0,72492.0,0.0,EE,0.11171521,1.0,8.0,570.0,7.0,236.0,15.0,7.0,0.07079180509413067,0.010520487264673311,0.2165559246954596,0.006533776301218161,0.015780730897009966,0.0,0.04847729789590255,0.02231450719822813,0.04847729789590255,0.006533776301218161,0.06425802879291251,0.03527285769464217,0.005241957733267119,0.003255531644871158,0.007862936599900679,0.0,0.02415438944987033,0.011118468244771838,0.02415438944987033,0.003255531644871158,0.03201732604977101,0.00024830326104949513,5.517850245544336e-05,5.517850245544336e-05,5.517850245544336e-05,8.276775368316503e-05,0.0,6.89731280693042e-05,1.379462561386084e-05,2.758925122772168e-05,0.0,1.379462561386084e-05,0.0,4.138387684158252e-05,0.0,0.0,0.0,0.4982618771726535,0.07449097831484854,32.14560328214006,23.45114260299036,0.3333333333333333,0.0,0.2777777777777778,0.05555555555555555,0.1111111111111111,0.0,0.05555555555555555,0.0,0.16666666666666666,0.0,0.0,0.0,0.2222222222222222,0.2222222222222222,0.2222222222222222
4,1.0,3.0,0.0,1.0,0.0,2.0,0.0,1.0,0.0,0.0,1.0,0.0,0.0,0.0,0.0,2082.0,0.0,1.0,1.0,0.0,0.068711899,0.0,0.0,0.0,0.0,0.0,2492.7273,3.0,1746.0,0.0,0.0,3.0,6.0,0.071566939,CHESHIRE,,,,,,0.34909695,3.0,0.10439488,0.63395464,9.0,1.0,66.0,0.66999996,1.0,1.0,9589.0,36035.0,26757.0,73896.0,0.0,NW,0.1326869,1.0,3.0,336.0,3.0,0.0,6.0,3.0,,,,,,,,,,,,0.02817473205586229,0.0008931471256901592,0.0,0.004546930821695355,0.0,0.023627801234166936,0.004546930821695355,0.023627801234166936,0.0,0.02817473205586229,0.00012179278986683988,1.3532532207426653e-05,1.3532532207426653e-05,4.059759662227996e-05,4.059759662227996e-05,2.7065064414853306e-05,1.3532532207426653e-05,1.3532532207426653e-05,1.3532532207426653e-05,0.0,1.3532532207426653e-05,0.0,0.0,0.0,0.0,0.0,,,29.64463862533218,10.734026140765579,0.3333333333333333,0.2222222222222222,0.1111111111111111,0.1111111111111111,0.1111111111111111,0.0,0.1111111111111111,0.0,0.0,0.0,0.0,0.0,0.1111111111111111,0.1111111111111111,0.3333333333333333
5,5.0,2.0,0.0,0.0,0.0,0.0,0.0,1.0,0.0,0.0,1.0,0.0,0.0,0.0,0.0,1062.0,0.0,0.0,0.0,0.0,0.0,0.0,1.0,1.0,0.0,0.0,3618.5513,3.0,851.0,0.0,0.0,3.0,7.0,0.0,CORNWALL,1527.0,6683.0,43320.0,44200.0,5262.0,0.0,2.0,0.081923418,0.89006424,9.0,0.0,0.0,0.63,0.0,1.0,29532.0,34914.0,61964.0,102892.0,0.0,SW,0.10970613,0.0,4.0,211.0,2.0,0.0,6.0,2.0,0.02402714932126697,0.0,0.1190497737556561,0.0,0.004773755656108597,0.0,0.01925339366515837,0.004773755656108597,0.01925339366515837,0.0,0.02402714932126697,0.010321502157602146,0.0,0.0,0.0020506939315009915,0.0,0.008270808226101154,0.0020506939315009915,0.008270808226101154,0.0,0.010321502157602146,8.74703572678148e-05,0.0,0.0,1.9437857170625512e-05,1.9437857170625512e-05,0.0,4.8594642926563776e-05,9.718928585312756e-06,9.718928585312756e-06,0.0,0.0,0.0,0.0,0.0,0.0,0.0,0.42957664347082375,-0.008552657155075225,28.43458375179039,17.123979975080083,0.2222222222222222,0.0,0.5555555555555556,0.1111111111111111,0.1111111111111111,0.0,0.0,0.0,0.0,0.0,0.0,0.0,0.0,0.0,0.2222222222222222
6,3.0,4.0,0.0,0.0,0.0,2.0,0.0,1.0,0.0,0.0,1.0,0.0,0.0,0.0,0.0,1300.0,0.0,1.0,1.0,0.0,0.057884306,0.0,0.0,0.0,0.0,0.0,4032.9814,2.0,895.0,0.0,0.0,2.0,9.0,0.084402442,CUMBERLAND,,,,,,0.22685388,2.0,0.021053068,0.86554873,11.0,2.0,18.0,0.84000003,2.0,1.0,9265.0,60567.0,22633.0,75687.0,1.0,NW,0.12581466,1.0,7.0,405.0,2.0,0.0,9.0,2.0,,,,,,,,,,,,0.017176001162683155,0.00023782155456022832,0.0,0.005350984977605137,0.0,0.011825016185078018,0.005350984977605137,0.011825016185078018,0.0,0.017176001162683155,0.00014533539445347286,2.64246171733587e-05,2.64246171733587e-05,2.64246171733587e-05,5.28492343467174e-05,2.64246171733587e-05,3.963692576003805e-05,1.321230858667935e-05,1.321230858667935e-05,0.0,0.0,0.0,0.0,0.0,0.0,0.0,,,18.767009438724415,5.611977283108719,0.36363636363636365,0.18181818181818182,0.2727272727272727,0.09090909090909091,0.09090909090909091,0.0,0.0,0.0,0.0,0.0,0.0,0.0,0.18181818181818182,0.18181818181818182,0.18181818181818182
7,7.0,2.0,0.0,0.0,0.0,0.0,0.0,1.0,0.0,1.0,0.0,0.0,0.0,0.0,1.0,815.0,0.0,0.0,0.0,2.0,0.072735153,0.0,0.0,0.0,0.0,0.0,2621.2898,1.0,258.0,0.0,0.0,1.0,9.0,0.29947346,DERBYSHIRE,2294.0,6753.0,14880.0,12320.0,4361.0,0.16036266,1.0,0.067025997,0.64155608,12.0,1.0,18.0,0.74000001,1.0,0.0,16249.0,84852.0,43912.0,69791.0,0.0,EM,0.130334,1.0,8.0,287.0,3.0,270.0,11.0,3.0,0.06615259740259741,0.001461038961038961,0.35397727272727275,0.021915584415584416,0.023295454545454546,0.0,0.02094155844155844,0.04521103896103896,0.02094155844155844,0.021915584415584416,0.044237012987012984,0.011677723488701981,0.00025791291140691495,0.003868693671103724,0.004112278087432477,0.0,0.0036967517301657806,0.0079809717585362,0.0036967517301657806,0.003868693671103724,0.007809029817598258,0.00017194194093794328,1.432849507816194e-05,1.432849507816194e-05,1.432849507816194e-05,2.865699015632388e-05,0.0,0.00010029946554713358,1.432849507816194e-05,0.0,2.865699015632388e-05,0.0,0.0,0.0,0.0,0.0,0.0,0.1765270593629551,0.03668094740009457,26.62467919418906,16.752058471367796,0.16666666666666666,0.0,0.5833333333333334,0.08333333333333333,0.0,0.16666666666666666,0.0,0.0,0.0,0.0,0.0,0.0,0.08333333333333333,0.08333333333333333,0.08333333333333333
8,6.0,8.0,0.0,1.0,0.0,5.0,0.0,1.0,0.0,0.0,2.0,0.0,0.0,0.0,0.0,5225.0,0.0,0.0,0.0,1.0,0.012280504,0.0,1.0,1.0,0.0,0.0,6797.5796,8.0,3722.0,1.0,396.0,9.0,19.0,0.0,DEVON,3823.0,13100.0,147120.0,112160.0,16813.0,0.007142465,4.0,0.068954021,0.770778,24.0,3.0,424.0,0.74000001,3.0,1.0,97221.0,147860.0,86239.0,258587.0,0.0,SW,0.17348373,1.0,11.0,1107.0,4.0,0.0,15.0,5.0,0.04658523537803139,0.0037803138373751783,0.14990192582025677,0.0,0.009869828815977175,0.0035306704707560627,0.03318473609129814,0.009869828815977175,0.03671540656205421,0.0035306704707560627,0.04305456490727532,0.020205965497105422,0.001639680262348842,0.0,0.004280957666085302,0.0015313994903069373,0.014393608340713184,0.004280957666085302,0.015925007831020122,0.0015313994903069373,0.018674566006798485,9.281209032163257e-05,1.1601511290204071e-05,1.1601511290204071e-05,1.5468681720272093e-05,3.0937363440544186e-05,1.9335852150340116e-05,2.3203022580408143e-05,3.867170430068023e-06,7.734340860136046e-06,3.867170430068023e-06,3.867170430068023e-06,0.0,0.0,0.0,0.0,0.0,0.4337418354364295,0.1351962782351781,38.04104037266441,12.686721608967993,0.3333333333333333,0.20833333333333334,0.25,0.041666666666666664,0.08333333333333333,0.041666666666666664,0.041666666666666664,0.0,0.0,0.0,0.0,0.0,0.125,0.125,0.16666666666666666
9,0.0,8.0,0.0,0.0,1.0,2.0,0.0,1.0,0.0,0.0,1.0,0.0,0.0,0.0,0.0,2710.0,0.0,0.0,0.0,0.0,0.061132971,0.0,1.0,1.0,0.0,0.0,2673.0146,5.0,2439.0,0.0,0.0,5.0,10.0,0.0,DORSET,3755.0,12241.0,47440.0,45560.0,8853.0,0.22189485,2.0,0.036889248,0.60074532,13.0,2.0,214.0,0.63999999,1.0,1.0,46375.0,98113.0,61904.0,74961.0,0.0,SW,0.10856296,1.0,5.0,271.0,3.0,0.0,8.0,3.0,0.05948200175592625,0.004697102721685689,0.194315188762072,0.0,0.005948200175592625,0.0,0.05353380158033363,0.005948200175592625,0.05353380158033363,0.0,0.05948200175592625,0.03615213244220328,0.00285481783860941,0.0,0.003615213244220328,0.0,0.032536919197982954,0.003615213244220328,0.032536919197982954,0.0,0.03615213244220328,0.00017342351356038473,2.6680540547751497e-05,1.3340270273875748e-05,2.6680540547751497e-05,0.00010672216219100599,2.6680540547751497e-05,0.0,1.3340270273875748e-05,1.3340270273875748e-05,0.0,0.0,1.3340270273875748e-05,0.0,0.0,0.0,0.0,0.6077827136777791,0.02507970811488641,28.043617868753877,23.158870886825685,0.6153846153846154,0.15384615384615385,0.0,0.07692307692307693,0.07692307692307693,0.0,0.0,0.07692307692307693,0.0,0.0,0.0,0.0,0.07692307692307693,0.15384615384615385,0.15384615384615385
10,0.0,7.0,0.0,0.0,0.0,0.0,0.0,0.0,0.0,0.0,1.0,0.0,0.0,0.0,0.0,1631.0,1.0,0.0,1.0,0.0,0.047487412,0.0,0.0,0.0,0.0,0.0,2562.345,1.0,1366.0,0.0,0.0,1.0,7.0,0.34098887,DURHAM,,,,,,0.0,1.0,0.027917361,0.34606841,8.0,1.0,20.0,0.73000002,1.0,1.0,7732.0,75490.0,24587.0,76483.0,1.0,NE,0.12652664,0.0,6.0,265.0,1.0,0.0,7.0,1.0,,,,,,,,,,,,0.021325000326870024,0.0002614960187231149,0.0,0.0034648222480812728,0.0,0.01786017807878875,0.0034648222480812728,0.01786017807878875,0.0,0.021325000326870024,0.00010459840748924598,1.3074800936155747e-05,1.3074800936155747e-05,1.3074800936155747e-05,9.152360655309022e-05,0.0,0.0,0.0,1.3074800936155747e-05,0.0,0.0,0.0,0.0,0.0,0.0,0.0,,,29.84882988044155,9.595507240437959,0.875,0.0,0.0,0.0,0.125,0.0,0.0,0.0,0.0,0.0,0.0,0.0,0.125,0.125,0.125
11,8.0,7.0,0.0,1.0,0.0,3.0,2.0,1.0,1.0,0.0,1.0,0.0,0.0,0.0,0.0,5425.0,0.0,0.0,0.0,1.0,0.078436069,0.0,0.0,1.0,0.0,0.0,3973.5378,7.0,4096.0,0.0,0.0,7.0,18.0,0.0,ESSEX,6052.0,18275.0,88800.0,100720.0,15046.0,0.6249702,5.0,0.41466638,0.11559691,24.0,2.0,891.0,0.56,1.0,1.0,87005.0,167660.0,92053.0,154882.0,0.0,EE,0.10833513,1.0,11.0,1172.0,6.0,157.0,17.0,6.0,0.05386219221604448,0.008846306592533756,0.1493844320889595,0.0015587768069896743,0.011636219221604448,0.0,0.040667196187450357,0.013194996028594122,0.040667196187450357,0.0015587768069896743,0.0523034154090548,0.03502666546144807,0.00575276662233184,0.001013674926718405,0.007567051045311915,0.0,0.02644593948941775,0.00858072597203032,0.02644593948941775,0.001013674926718405,0.03401299053472966,0.00015495667669580712,1.2913056391317261e-05,6.456528195658631e-06,3.2282640978293155e-05,4.519569736961041e-05,1.936958458697589e-05,5.1652225565269045e-05,6.456528195658631e-06,6.456528195658631e-06,6.456528195658631e-06,6.456528195658631e-06,0.0,0.0,1.2913056391317261e-05,0.0,0.0,0.6503015198667372,-0.07696181609225088,38.97836331140476,23.166509199937646,0.2916666666666667,0.125,0.3333333333333333,0.041666666666666664,0.041666666666666664,0.041666666666666664,0.041666666666666664,0.0,0.0,0.08333333333333333,0.0,0.0,0.041666666666666664,0.08333333333333333,0.20833333333333334
12,7.0,7.0,0.0,2.0,0.0,2.0,0.0,2.0,0.0,0.0,2.0,0.0,0.0,0.0,0.0,7170.0,0.0,0.0,0.0,0.0,0.087769195,0.0,1.0,1.0,0.0,0.0,3226.104,7.0,6513.0,0.0,0.0,7.0,16.0,0.10290873,GLOUCESTERSHIRE,4527.0,22115.0,86440.0,73640.0,11177.0,0.13759981,6.0,0.065555841,0.34629521,22.0,1.0,21.0,0.71000004,1.0,1.0,52565.0,152058.0,81923.0,101256.0,0.0,SW,0.088264301,1.0,9.0,657.0,6.0,0.0,15.0,6.0,0.09736556219445953,0.00028517110266159697,0.15177892449755567,0.0,0.008921781640412818,0.0,0.08844378055404671,0.008921781640412818,0.08844378055404671,0.0,0.09736556219445953,0.07081061863000711,0.00020739511732638066,0.0,0.006488504384925338,0.0,0.06432211424508177,0.006488504384925338,0.06432211424508177,0.0,0.07081061863000711,0.00021727107529430353,9.875957967922888e-06,9.875957967922888e-06,5.925574780753733e-05,6.913170577546022e-05,1.9751915935845776e-05,6.913170577546022e-05,1.9751915935845776e-05,1.9751915935845776e-05,0.0,1.9751915935845776e-05,0.0,0.0,0.0,0.0,0.0,0.7272655447578416,0.12641226198941297,31.386464912476477,25.393787677024672,0.3181818181818182,0.09090909090909091,0.3181818181818182,0.09090909090909091,0.09090909090909091,0.0,0.09090909090909091,0.0,0.0,0.0,0.0,0.0,0.045454545454545456,0.045454545454545456,0.2727272727272727
13,8.0,6.0,0.0,1.0,0.0,4.0,0.0,1.0,0.0,0.0,2.0,0.0,0.0,0.0,0.0,5180.0,0.0,0.0,0.0,1.0,0.079468116,1.0,0.0,1.0,0.0,0.0,4151.8374,7.0,3999.0,1.0,249.0,8.0,18.0,5.96e-08,HAMPSHIRE,8762.0,18927.0,73080.0,69920.0,12859.0,0.80034006,4.0,0.05357321,0.36562499,23.0,5.0,954.0,0.73000002,3.0,1.0,65702.0,94062.0,70736.0,104197.0,0.0,SE,0.088082947,1.0,11.0,932.0,4.0,0.0,15.0,5.0,0.07408466819221968,0.013644164759725401,0.18391018306636156,0.0,0.013329519450800915,0.003561212814645309,0.05719393592677346,0.013329519450800915,0.06075514874141876,0.003561212814645309,0.07052345537757437,0.049713523421979516,0.009155733850302793,0.0,0.008944595333838786,0.002389704118160792,0.03837922396997994,0.008944595333838786,0.040768928088140734,0.002389704118160792,0.04732381930381873,0.00022073572175782411,4.79860264690922e-05,2.879161588145532e-05,3.838882117527376e-05,5.758323176291064e-05,3.838882117527376e-05,7.677764235054752e-05,9.59720529381844e-06,1.919441058763688e-05,9.59720529381844e-06,9.59720529381844e-06,0.0,0.0,0.0,0.0,0.0,0.6710365941437854,0.03032716872846627,25.096599399581493,17.037276074443568,0.2608695652173913,0.17391304347826086,0.34782608695652173,0.043478260869565216,0.08695652173913043,0.043478260869565216,0.043478260869565216,0.0,0.0,0.0,0.0,0.0,0.13043478260869565,0.21739130434782608,0.17391304347826086
14,5.0,3.0,0.0,0.0,0.0,1.0,0.0,1.0,0.0,0.0,1.0,0.0,0.0,0.0,1.0,1174.0,0.0,0.0,0.0,0.0,0.068186529,0.0,0.0,0.0,1.0,0.0,2179.6145,2.0,709.0,0.0,0.0,2.0,9.0,0.0,HEREFORDSHIRE,3362.0,6154.0,20840.0,16360.0,3774.0,0.14984864,2.0,0.42835236,0.39793065,11.0,2.0,89.0,0.60000002,2.0,1.0,31861.0,72502.0,30230.0,62054.0,0.0,WM,0.14323941,1.0,7.0,465.0,2.0,0.0,9.0,2.0,0.071760391198044,0.005440097799511002,0.23068459657701712,0.0,0.028422982885085574,0.0,0.04333740831295844,0.028422982885085574,0.04333740831295844,0.0,0.071760391198044,0.018919006027008734,0.0014342346988107132,0.0,0.007493473426370581,0.0,0.011425532600638154,0.007493473426370581,0.011425532600638154,0.0,0.018919006027008734,0.00017726496277435783,3.222999323170142e-05,3.222999323170142e-05,3.222999323170142e-05,4.834498984755213e-05,1.611499661585071e-05,8.057498307925356e-05,1.611499661585071e-05,1.611499661585071e-05,0.0,0.0,0.0,0.0,0.0,0.0,0.0,0.26364134463531763,0.07219518483901119,28.470172133650237,13.86942507493871,0.2727272727272727,0.09090909090909091,0.45454545454545453,0.09090909090909091,0.09090909090909091,0.0,0.0,0.0,0.0,0.0,0.0,0.0,0.18181818181818182,0.18181818181818182,0.18181818181818182
15,2.0,7.0,0.0,1.0,0.0,0.0,0.0,1.0,1.0,0.0,1.0,0.0,1.0,0.0,0.0,2520.0,0.0,0.0,0.0,0.0,0.12432305,0.0,0.0,1.0,0.0,0.0,1621.1313,1.0,2102.0,0.0,0.0,1.0,9.0,0.0,HERTFORDSHIRE,2975.0,9069.0,35480.0,36800.0,6501.0,0.046840649,3.0,0.19297796,0.17705545,13.0,4.0,158.0,0.5,4.0,0.0,24742.0,84529.0,36113.0,58104.0,0.0,EE,0.12249211,1.0,8.0,405.0,4.0,13.0,12.0,4.0,0.06847826086956521,0.004293478260869565,0.17665760869565217,0.0003532608695652174,0.011005434782608696,0.0,0.057119565217391303,0.011358695652173912,0.057119565217391303,0.0003532608695652174,0.068125,0.04337050805452292,0.0027192620129423105,0.00022373674790031667,0.006970260223048327,0.0,0.03617651108357428,0.007193996970948644,0.03617651108357428,0.00022373674790031667,0.04314677130662261,0.00022373674790031667,6.884207627702051e-05,6.884207627702051e-05,5.163155720776539e-05,0.0001204736334847859,0.0,3.4421038138510255e-05,1.7210519069255127e-05,1.7210519069255127e-05,0.0,1.7210519069255127e-05,0.0,1.7210519069255127e-05,0.0,0.0,0.0,0.6333471017485888,-0.02271788517141677,35.84163725664911,22.276418942746957,0.5384615384615384,0.0,0.15384615384615385,0.07692307692307693,0.07692307692307693,0.0,0.07692307692307693,0.0,0.07692307692307693,0.0,0.0,0.0,0.3076923076923077,0.3076923076923077,0.23076923076923078
16,3.0,4.0,0.0,0.0,0.0,1.0,0.0,0.0,1.0,0.0,0.0,0.0,0.0,0.0,0.0,2357.0,0.0,0.0,0.0,0.0,0.083555482,0.0,0.0,1.0,0.0,0.0,955.96265,2.0,1957.0,0.0,0.0,2.0,8.0,0.0,HUNTINGDONSHIRE,2464.0,6466.0,24560.0,21040.0,3545.0,0.9079423,0.0,0.51644337,0.053876478,8.0,1.0,17.0,0.59000003,1.0,0.0,16004.0,66186.0,25616.0,27627.0,0.0,EE,0.10049039,1.0,6.0,400.0,0.0,0.0,6.0,0.0,0.11202471482889734,0.0008079847908745247,0.16848859315589354,0.0,0.019011406844106463,0.0,0.09301330798479088,0.019011406844106463,0.09301330798479088,0.0,0.11202471482889734,0.08531509031020379,0.0006153400658775835,0.0,0.014478589785354906,0.0,0.07083650052484888,0.014478589785354906,0.07083650052484888,0.0,0.08531509031020379,0.0002895717957070981,3.6196474463387263e-05,3.6196474463387263e-05,0.0,0.00014478589785354905,3.6196474463387263e-05,0.0001085894233901618,0.0,0.0,0.0,0.0,0.0,0.0,0.0,0.0,0.0,0.7615738227096681,0.12741159011112319,28.899664646939918,26.796025974445758,0.5,0.125,0.375,0.0,0.0,0.0,0.0,0.0,0.0,0.0,0.0,0.0,0.125,0.125,0.0
17,9.0,9.0,0.0,3.0,0.0,1.0,0.0,2.0,0.0,0.0,2.0,0.0,0.0,0.0,0.0,6756.0,0.0,0.0,0.0,2.0,0.080964819,1.0,0.0,1.0,0.0,0.0,4051.4739,7.0,5318.0,1.0,380.0,8.0,19.0,0.0,KENT,9838.0,24348.0,93720.0,100080.0,16444.0,0.001251876,7.0,0.27611652,0.42019752,28.0,4.0,756.0,0.71000004,2.0,1.0,75388.0,163636.0,107482.0,151713.0,0.0,SE,0.098083243,1.0,12.0,904.0,8.0,154.0,20.0,9.0,0.06750599520383693,0.007553956834532374,0.16430855315747403,0.0015387689848121503,0.00903277378097522,0.0037969624300559553,0.05313749000799361,0.01057154276578737,0.05693445243804956,0.005335731414868106,0.062170263788968824,0.04453145083150422,0.004983093077059975,0.0010150745156974022,0.005958619235002933,0.0025047293244481357,0.03505302775635575,0.006973693750700336,0.03755775708080389,0.003519803840145538,0.04101164699135868,0.00018455900285407314,2.6365571836296165e-05,1.3182785918148083e-05,4.6139750713518286e-05,5.932253663166637e-05,6.591392959074041e-06,5.932253663166637e-05,1.3182785918148083e-05,1.3182785918148083e-05,1.3182785918148083e-05,1.9774178877222124e-05,0.0,0.0,0.0,0.0,0.0,0.6596666073441301,-0.041921259219710905,37.446372294290235,26.52911080088656,0.32142857142857145,0.03571428571428571,0.32142857142857145,0.07142857142857142,0.07142857142857142,0.07142857142857142,0.10714285714285714,0.0,0.0,0.0,0.0,0.0,0.07142857142857142,0.14285714285714285,0.25
18,4.0,4.0,0.0,0.0,0.0,2.0,0.0,1.0,0.0,0.0,1.0,0.0,0.0,0.0,0.0,1775.0,0.0,1.0,1.0,2.0,0.061063346,0.0,0.0,0.0,0.0,0.0,5029.4229,2.0,1126.0,0.0,0.0,2.0,10.0,0.25377184,LANCASHIRE,2218.0,5592.0,11320.0,4560.0,4201.0,0.19939205,2.0,0.13258776,0.58104926,14.0,0.0,0.0,0.63999999,0.0,1.0,11459.0,60962.0,43172.0,181622.0,1.0,NW,0.1101426,1.0,8.0,416.0,4.0,233.0,12.0,4.0,0.3892543859649123,0.0,0.9212719298245614,0.051096491228070175,0.0912280701754386,0.0,0.2469298245614035,0.14232456140350877,0.2469298245614035,0.051096491228070175,0.3381578947368421,0.00977304511567982,0.0,0.0012828842320864212,0.002290471418660735,0.0,0.006199689464932662,0.003573355650747156,0.006199689464932662,0.0012828842320864212,0.008490160883593396,7.708317274339012e-05,0.0,0.0,1.1011881820484302e-05,2.2023763640968604e-05,1.1011881820484302e-05,2.2023763640968604e-05,5.505940910242151e-06,5.505940910242151e-06,1.1011881820484302e-05,0.0,0.0,0.0,0.0,0.0,0.0,0.02510709055070421,0.037220160553236945,36.11189665518086,8.583887427720585,0.2857142857142857,0.14285714285714285,0.2857142857142857,0.07142857142857142,0.07142857142857142,0.14285714285714285,0.0,0.0,0.0,0.0,0.0,0.0,0.0,0.0,0.14285714285714285
19,10.0,2.0,0.0,0.0,0.0,2.0,0.0,1.0,0.0,1.0,1.0,0.0,0.0,0.0,1.0,2653.0,0.0,0.0,0.0,1.0,0.065493487,0.0,0.0,0.0,0.0,0.0,2164.1555,2.0,1350.0,1.0,385.0,3.0,14.0,0.047475338,LEICESTERSHIRE,4546.0,10979.0,37280.0,32280.0,6413.0,0.016856762,2.0,0.10495858,0.27633068,17.0,2.0,121.0,0.69999999,2.0,0.0,38167.0,70356.0,61163.0,63140.0,0.0,EM,0.071498297,1.0,12.0,918.0,2.0,0.0,14.0,3.0,0.08218711276332094,0.003748451053283767,0.19866790582403965,0.0,0.028438661710037175,0.011926889714993805,0.041821561338289966,0.028438661710037175,0.05374845105328377,0.011926889714993805,0.07026022304832713,0.04201773835920177,0.001916376306620209,0.0,0.014539119417168197,0.006097560975609756,0.02138105796642382,0.014539119417168197,0.027478618942033576,0.006097560975609756,0.03592017738359202,0.00026924295216978144,3.167564143173899e-05,3.167564143173899e-05,3.167564143173899e-05,3.167564143173899e-05,3.167564143173899e-05,0.00015837820715869496,1.5837820715869496e-05,1.5837820715869496e-05,1.5837820715869496e-05,0.0,0.0,0.0,0.0,0.0,0.0,0.5112448527082674,0.07918910357934748,29.17535269531233,28.261832386813243,0.11764705882352941,0.11764705882352941,0.5882352941176471,0.058823529411764705,0.058823529411764705,0.058823529411764705,0.0,0.0,0.0,0.0,0.0,0.0,0.11764705882352941,0.11764705882352941,0.11764705882352941
20,21.0,11.0,0.0,3.0,1.0,12.0,0.0,3.0,0.0,1.0,5.0,0.0,10.0,0.0,1.0,8380.0,0.0,0.0,0.0,7.0,0.048495576,0.0,0.0,0.0,0.0,0.0,6940.5439,6.0,3556.0,4.0,998.0,10.0,44.0,0.0,LINCOLNSHIRE,16968.0,46060.0,86440.0,80280.0,17502.0,0.0,11.0,0.44395077,0.025428949,73.0,13.0,835.0,0.69999999,13.0,1.0,140176.0,386202.0,171965.0,173199.0,1.0,EM,0.073369056,0.0,38.0,2643.0,25.0,1183.0,63.0,29.0,0.10438465371200797,0.010401096163428002,0.2180119581464873,0.014735924265072246,0.03292227204783259,0.012431489785749875,0.04429496761335326,0.047658196312904834,0.05672645739910314,0.02716741405082212,0.07721723966118585,0.048383651175815105,0.004821044001408784,0.00683029347744502,0.015259903348171755,0.005762157980126906,0.020531296370071422,0.022090196825616776,0.026293454350198326,0.012592451457571926,0.035791199718243176,0.0004214804935363368,7.50581700818134e-05,7.50581700818134e-05,6.351075929999596e-05,6.351075929999596e-05,6.928446469090468e-05,0.00012124781320908319,1.732111617272617e-05,2.8868526954543618e-05,4.041593773636107e-05,1.732111617272617e-05,5.773705390908724e-06,5.7737053909087236e-05,0.0,0.0,0.0,0.4635130687821523,0.03556602520799774,24.95467250052262,24.776876636426145,0.1506849315068493,0.1643835616438356,0.2876712328767123,0.0410958904109589,0.0684931506849315,0.0958904109589041,0.0410958904109589,0.0136986301369863,0.136986301369863,0.0,0.0,0.0,0.1780821917808219,0.1780821917808219,0.1506849315068493
22,21.0,19.0,0.0,6.0,0.0,1.0,0.0,4.0,1.0,0.0,4.0,0.0,1.0,0.0,0.0,5164.0,0.0,0.0,0.0,3.0,0.046918273,0.0,0.0,1.0,0.0,0.0,5340.771,7.0,2937.0,1.0,228.0,8.0,41.0,0.0,NORFOLK,10094.0,50828.0,112360.0,112520.0,14707.0,0.0,14.0,0.24419057,0.059157211,59.0,5.0,215.0,0.58000004,5.0,1.0,148085.0,486920.0,176844.0,171163.0,0.0,EE,0.11541829,0.0,34.0,1702.0,17.0,297.0,51.0,18.0,0.04589406327763953,0.0019107714184145041,0.13070565232847495,0.002639530750088873,0.015126199786704585,0.00202630643441166,0.026102026306434413,0.017765730536793457,0.02812833274084607,0.004665837184500533,0.041228226093138996,0.03017007180290133,0.001256112594427534,0.0017351880955580354,0.009943737840537967,0.001332063588509199,0.01715908227829613,0.011678925936096003,0.018491145866805326,0.0030672516840672343,0.027102820118834095,0.0003447006654475558,2.9211920800640325e-05,2.9211920800640325e-05,8.179337824179292e-05,0.00011100529904243323,5.842384160128065e-06,0.00012269006736268935,2.336953664051226e-05,2.336953664051226e-05,1.7527152480384195e-05,3.505430496076839e-05,0.0,5.842384160128065e-06,0.0,0.0,0.0,0.6573850656976099,-0.0009347814656204904,32.04836904634181,33.11207314449543,0.3220338983050847,0.01694915254237288,0.3559322033898305,0.06779661016949153,0.06779661016949153,0.05084745762711865,0.1016949152542373,0.0,0.01694915254237288,0.0,0.0,0.0,0.0847457627118644,0.0847457627118644,0.23728813559322035
23,7.0,4.0,0.0,1.0,0.0,2.0,0.0,1.0,0.0,1.0,1.0,0.0,0.0,0.0,1.0,3322.0,0.0,0.0,0.0,1.0,0.053604811,0.0,0.0,0.0,0.0,0.0,2581.3477,4.0,2438.0,1.0,258.0,5.0,13.0,0.0,NORTHAMPTONSHIRE,4584.0,16914.0,55760.0,47360.0,9424.0,0.5507704,3.0,0.098581381,0.16978922,17.0,3.0,256.0,0.63,3.0,0.0,46611.0,145582.0,75393.0,91075.0,0.0,EM,0.10351454,1.0,9.0,626.0,3.0,0.0,12.0,4.0,0.07014358108108108,0.005405405405405406,0.19898648648648648,0.0,0.013217905405405406,0.005447635135135135,0.05147804054054054,0.013217905405405406,0.05692567567567568,0.005447635135135135,0.06469594594594595,0.036475432335986824,0.002810870161954433,0.0,0.0068734559429042,0.0028328300850947023,0.02676914630798792,0.0068734559429042,0.029601976393082624,0.0028328300850947023,0.03364260225089212,0.00018665934669228658,3.293988471040351e-05,3.293988471040351e-05,3.293988471040351e-05,4.3919846280538015e-05,2.1959923140269008e-05,7.685973099094153e-05,1.0979961570134504e-05,1.0979961570134504e-05,1.0979961570134504e-05,1.0979961570134504e-05,0.0,0.0,0.0,0.0,0.0,0.5200109799615701,0.09223167718912983,35.281957560386,29.206836413397546,0.23529411764705882,0.11764705882352941,0.4117647058823529,0.058823529411764705,0.058823529411764705,0.058823529411764705,0.058823529411764705,0.0,0.0,0.0,0.0,0.0,0.17647058823529413,0.17647058823529413,0.17647058823529413
24,8.0,4.0,0.0,2.0,0.0,1.0,0.0,2.0,0.0,0.0,1.0,0.0,0.0,0.0,0.0,1276.0,1.0,0.0,1.0,2.0,0.052548755,0.0,0.0,0.0,0.0,0.0,5218.645,2.0,663.0,0.0,0.0,2.0,13.0,0.21070063,NORTHUMBERLAND,,,,,,0.13045762,5.0,0.02613594,0.50116551,20.0,3.0,52.0,0.80000001,3.0,1.0,12300.0,148084.0,30389.0,72923.0,1.0,NE,0.1233473,1.0,11.0,384.0,7.0,229.0,18.0,7.0,,,,,,,,,,,,0.017497908753068305,0.0007130809209714357,0.00314029867120113,0.005265828339481371,0.0,0.009091781742385804,0.008406127010682501,0.009091781742385804,0.00314029867120113,0.014357610081867174,0.00027426189268132137,4.113928390219821e-05,4.113928390219821e-05,6.856547317033034e-05,5.485237853626428e-05,1.371309463406607e-05,0.00010970475707252856,2.742618926813214e-05,1.371309463406607e-05,2.742618926813214e-05,2.742618926813214e-05,0.0,0.0,0.0,0.0,0.0,,,13.973550605569068,5.8231590767335195,0.2,0.05,0.4,0.1,0.05,0.1,0.1,0.0,0.0,0.0,0.0,0.0,0.15,0.15,0.25
25,5.0,3.0,0.0,1.0,1.0,1.0,0.0,0.0,0.0,1.0,2.0,0.0,1.0,0.0,1.0,1997.0,0.0,0.0,0.0,2.0,0.030153006,0.0,0.0,0.0,0.0,0.0,2152.0994,3.0,827.0,1.0,249.0,4.0,9.0,0.24505556,NOTTINGHAMSHIRE,4826.0,10096.0,24960.0,17360.0,5204.0,0.21799478,3.0,0.17856553,0.10316594,16.0,2.0,58.0,0.69999999,2.0,0.0,31390.0,70520.0,52221.0,78148.0,0.0,EM,0.16006829,1.0,6.0,670.0,6.0,251.0,12.0,7.0,0.11503456221198156,0.0033410138248847927,0.2997695852534562,0.01445852534562212,0.03859447004608295,0.014343317972350231,0.047638248847926265,0.05305299539170507,0.061981566820276494,0.02880184331797235,0.08623271889400921,0.0255540768797666,0.0007421815017658801,0.0032118544300557914,0.008573475968674821,0.0031862619644776576,0.010582484516558325,0.011785330398730613,0.013768746481035984,0.006398116394533449,0.01915596048523315,0.00020473972462507038,2.5592465578133797e-05,2.5592465578133797e-05,3.83886983672007e-05,3.83886983672007e-05,1.2796232789066898e-05,6.398116394533449e-05,0.0,2.5592465578133797e-05,2.5592465578133797e-05,1.2796232789066898e-05,1.2796232789066898e-05,1.2796232789066898e-05,0.0,0.0,0.0,0.22214260121820137,0.09725136919690842,36.312449136875365,24.265143143481197,0.1875,0.0625,0.3125,0.0,0.125,0.125,0.0625,0.0625,0.0625,0.0,0.0,0.0,0.125,0.125,0.1875
26,8.0,6.0,0.0,1.0,0.0,4.0,0.0,1.0,0.0,0.0,1.0,0.0,1.0,0.0,0.0,2669.0,0.0,0.0,0.0,0.0,0.050089221,1.0,0.0,1.0,0.0,0.0,1917.6273,4.0,1606.0,0.0,0.0,4.0,18.0,0.0,OXFORDSHIRE,4061.0,20121.0,40720.0,35160.0,7559.0,0.25233719,3.0,0.16406007,0.17538366,22.0,3.0,335.0,0.63,2.0,0.0,39003.0,90759.0,49424.0,66909.0,0.0,SE,0.13926899,1.0,14.0,1029.0,4.0,34.0,18.0,4.0,0.07591012514220705,0.009527872582480092,0.21498862343572242,0.0009670079635949944,0.029266211604095562,0.0,0.045676905574516494,0.030233219567690556,0.045676905574516494,0.0009670079635949944,0.07494311717861206,0.03988999985054328,0.005006800280978643,0.0005081528643381309,0.015379096982468726,0.0,0.024002750003736417,0.015887249846806856,0.024002750003736417,0.0005081528643381309,0.03938184698620514,0.00032880479457173174,4.4837017441599784e-05,2.9891344961066523e-05,4.4837017441599784e-05,8.967403488319957e-05,5.9782689922133046e-05,0.00011956537984426609,1.4945672480533261e-05,1.4945672480533261e-05,0.0,1.4945672480533261e-05,0.0,1.4945672480533261e-05,0.0,0.0,0.0,0.5254898444155495,0.08309793899176493,34.89155583047863,25.77351709584026,0.2727272727272727,0.18181818181818182,0.36363636363636365,0.045454545454545456,0.045454545454545456,0.0,0.045454545454545456,0.0,0.045454545454545456,0.0,0.0,0.0,0.09090909090909091,0.13636363636363635,0.13636363636363635
27,1.0,0.0,0.0,0.0,0.0,0.0,0.0,0.0,0.0,1.0,0.0,0.0,0.0,0.0,1.0,43.0,0.0,0.0,0.0,0.0,0.030097909,0.0,0.0,0.0,0.0,0.0,392.20422,0.0,0.0,0.0,0.0,0.0,1.0,0.0,RUTLAND,852.0,3053.0,6840.0,6000.0,1031.0,0.576823,0.0,0.091710031,0.13765822,1.0,0.0,0.0,0.65999997,0.0,0.0,4642.0,23655.0,10837.0,11371.0,0.0,EM,0.04425358,1.0,1.0,43.0,0.0,0.0,1.0,0.0,0.007166666666666667,0.0,0.17183333333333334,0.0,0.007166666666666667,0.0,0.0,0.007166666666666667,0.0,0.0,0.007166666666666667,0.0037815495558877845,0.0,0.0,0.0037815495558877845,0.0,0.0,0.0037815495558877845,0.0,0.0,0.0037815495558877845,8.79430129276229e-05,0.0,0.0,0.0,0.0,0.0,8.79430129276229e-05,0.0,0.0,0.0,0.0,0.0,0.0,0.0,0.0,0.0,0.5276580775657373,0.07387213085920323,28.99254883081064,27.63101325120877,0.0,0.0,1.0,0.0,0.0,0.0,0.0,0.0,0.0,0.0,0.0,0.0,0.0,0.0,0.0
28,10.0,5.0,0.0,1.0,0.0,1.0,0.0,1.0,0.0,0.0,2.0,0.0,0.0,0.0,1.0,2220.0,0.0,0.0,0.0,1.0,0.049469765,0.0,0.0,0.0,1.0,0.0,3468.8311,4.0,1421.0,1.0,280.0,5.0,16.0,0.1811499,SHROPSHIRE,2082.0,9039.0,20680.0,11800.0,3693.0,0.28311968,4.0,0.18842719,0.51208067,21.0,1.0,17.0,0.59000003,1.0,1.0,27895.0,114640.0,48502.0,78958.0,0.0,WM,0.15285447,1.0,12.0,519.0,4.0,0.0,16.0,5.0,0.188135593220339,0.001440677966101695,0.31296610169491523,0.0,0.04398305084745763,0.023728813559322035,0.12042372881355932,0.04398305084745763,0.14415254237288136,0.023728813559322035,0.16440677966101694,0.028116213683223992,0.00021530433901567923,0.0,0.006573114820537501,0.0035461891131994224,0.017996909749487068,0.006573114820537501,0.021543098862686492,0.0035461891131994224,0.02457002457002457,0.00026596418348995667,1.2664961118569366e-05,1.2664961118569366e-05,5.0659844474277463e-05,6.332480559284683e-05,1.2664961118569366e-05,0.00012664961118569366,1.2664961118569366e-05,2.5329922237138732e-05,1.2664961118569366e-05,1.2664961118569366e-05,0.0,0.0,0.0,0.0,0.0,0.14944654119911852,0.11246485473289597,22.76213448386115,13.982231651463227,0.23809523809523808,0.047619047619047616,0.47619047619047616,0.047619047619047616,0.09523809523809523,0.047619047619047616,0.047619047619047616,0.0,0.0,0.0,0.0,0.0,0.047619047619047616,0.047619047619047616,0.19047619047619047
29,9.0,8.0,0.0,0.0,2.0,1.0,0.0,1.0,0.0,0.0,1.0,0.0,0.0,0.0,0.0,7423.0,0.0,0.0,0.0,0.0,0.043341115,0.0,1.0,1.0,0.0,0.0,4209.7783,9.0,6407.0,2.0,463.0,11.0,18.0,0.026795149,SOMERSET,7622.0,20160.0,117080.0,109360.0,17291.0,0.286154,2.0,0.1288939,0.65049428,22.0,3.0,286.0,0.63999999,2.0,1.0,78022.0,151003.0,101376.0,168984.0,0.0,SW,0.14060172,1.0,9.0,553.0,2.0,0.0,11.0,4.0,0.06787673738112655,0.0026152158010241404,0.1581108266276518,0.0,0.005056693489392831,0.004233723482077542,0.05858632040965618,0.005056693489392831,0.06282004389173372,0.004233723482077542,0.06364301389904901,0.04392723571462387,0.0016924679259574871,0.0,0.003272499171519197,0.0027399043696444635,0.03791483217346021,0.003272499171519197,0.04065473654310467,0.0027399043696444635,0.04118733134497941,0.00013018984045826823,1.7753160062491125e-05,1.183544004166075e-05,1.183544004166075e-05,4.7341760166643e-05,5.917720020830375e-06,5.325948018747337e-05,5.917720020830375e-06,5.917720020830375e-06,0.0,0.0,1.183544004166075e-05,0.0,0.0,0.0,0.0,0.6471618614780098,0.045684798560810494,40.140831169185326,24.08107809382741,0.36363636363636365,0.045454545454545456,0.4090909090909091,0.045454545454545456,0.045454545454545456,0.0,0.0,0.09090909090909091,0.0,0.0,0.0,0.0,0.09090909090909091,0.13636363636363635,0.09090909090909091
30,7.0,3.0,0.0,0.0,0.0,3.0,0.0,1.0,0.0,0.0,2.0,0.0,0.0,0.0,1.0,1130.0,0.0,0.0,0.0,0.0,0.059601583,0.0,0.0,0.0,1.0,0.0,2981.0764,2.0,494.0,0.0,0.0,2.0,13.0,0.22245109,STAFFORDSHIRE,2191.0,8212.0,23080.0,16360.0,4421.0,0.26872495,3.0,0.089673147,0.50665325,16.0,1.0,11.0,0.55000001,1.0,0.0,18030.0,56715.0,40658.0,77559.0,0.0,WM,0.092883654,1.0,11.0,636.0,3.0,0.0,14.0,3.0,0.06907090464547677,0.0006723716381418093,0.2702322738386308,0.0,0.038875305623471884,0.0,0.03019559902200489,0.038875305623471884,0.03019559902200489,0.0,0.06907090464547677,0.014569553501205534,0.00014182751195863794,0.0,0.008200208873244885,0.0,0.0063693446279606495,0.008200208873244885,0.0063693446279606495,0.0,0.014569553501205534,0.0002062945628489279,1.2893410178057994e-05,1.2893410178057994e-05,3.868023053417398e-05,3.868023053417398e-05,3.868023053417398e-05,9.025387124640596e-05,1.2893410178057994e-05,2.578682035611599e-05,0.0,0.0,0.0,0.0,0.0,0.0,0.0,0.21093619051302878,0.08664371639654972,26.017112476553773,13.638697753603363,0.1875,0.1875,0.4375,0.0625,0.125,0.0,0.0,0.0,0.0,0.0,0.0,0.0,0.0625,0.0625,0.1875
31,13.0,8.0,0.0,1.0,0.0,1.0,1.0,3.0,1.0,0.0,4.0,0.0,0.0,0.0,0.0,3460.0,0.0,0.0,0.0,1.0,0.059549298,0.0,0.0,1.0,0.0,0.0,3874.873,3.0,2224.0,0.0,0.0,3.0,22.0,0.0,SUFFOLK,10115.0,20920.0,97680.0,86160.0,11040.0,0.001301279,9.0,0.26228529,0.13820492,32.0,5.0,403.0,0.56999999,5.0,1.0,113452.0,225770.0,113106.0,138295.0,0.0,EE,0.10513801,1.0,19.0,999.0,10.0,237.0,29.0,10.0,0.04015784586815228,0.004677344475394614,0.12813370473537605,0.0027506963788300836,0.011594707520891366,0.0,0.025812441968430827,0.014345403899721448,0.025812441968430827,0.0027506963788300836,0.037407149489322195,0.025018981163454933,0.0029140605227954736,0.001713727900502549,0.007223688491991757,0.0,0.016081564770960628,0.008937416392494306,0.016081564770960628,0.001713727900502549,0.023305253262952384,0.0002313894211649011,3.61545970570158e-05,3.61545970570158e-05,6.507827470262844e-05,5.784735529122528e-05,7.23091941140316e-06,9.400195234824108e-05,2.169275823420948e-05,2.892367764561264e-05,7.23091941140316e-06,7.23091941140316e-06,0.0,0.0,7.23091941140316e-06,0.0,0.0,0.6230160164864963,0.0833001916193644,35.690201975651846,29.1896018269502,0.25,0.03125,0.40625,0.09375,0.125,0.03125,0.03125,0.0,0.0,0.03125,0.0,0.0,0.15625,0.15625,0.28125
32,5.0,3.0,0.0,0.0,1.0,1.0,0.0,1.0,0.0,0.0,0.0,0.0,0.0,0.0,0.0,4641.0,0.0,0.0,0.0,1.0,0.062573753,1.0,0.0,1.0,0.0,0.0,1957.0598,6.0,3439.0,1.0,800.0,7.0,9.0,0.0,SURREY,2845.0,8378.0,47680.0,45640.0,6111.0,0.14650986,1.0,0.01091492,0.53388482,12.0,0.0,0.0,0.64999998,0.0,0.0,24710.0,81629.0,32613.0,84804.0,0.0,SE,0.11918419,1.0,3.0,323.0,2.0,79.0,5.0,3.0,0.10168711656441717,0.0,0.1338957055214724,0.0017309377738825593,0.007077125328659071,0.017528483786152498,0.07535056967572305,0.00880806310254163,0.09287905346187554,0.019259421560035055,0.08242769500438211,0.05472619216074714,0.0,0.0009315598320833923,0.0038087826045941227,0.009433517286920429,0.04055233243714919,0.004740342436677515,0.04998584972406962,0.010365077119003821,0.04436111504174332,0.00014150275930380644,0.0,0.0,1.1791896608650536e-05,3.537568982595161e-05,1.1791896608650536e-05,5.895948304325268e-05,1.1791896608650536e-05,0.0,1.1791896608650536e-05,0.0,1.1791896608650536e-05,0.0,0.0,0.0,0.0,0.5381821612188105,0.02405546908164709,43.332349885271775,16.664283840483566,0.25,0.08333333333333333,0.4166666666666667,0.08333333333333333,0.0,0.08333333333333333,0.0,0.08333333333333333,0.0,0.0,0.0,0.0,0.0,0.0,0.08333333333333333
33,7.0,3.0,0.0,1.0,0.0,1.0,0.0,3.0,0.0,0.0,3.0,0.0,0.0,0.0,0.0,2756.0,0.0,0.0,0.0,1.0,0.054218691,1.0,0.0,1.0,0.0,0.0,3804.6194,3.0,2048.0,0.0,0.0,3.0,11.0,0.0,SUSSEX,6949.0,16186.0,49800.0,52000.0,9281.0,0.00372135,7.0,0.065222047,0.54882097,19.0,1.0,29.0,0.69999999,1.0,1.0,66135.0,123415.0,65437.0,102003.0,0.0,SE,0.10053639,1.0,8.0,610.0,8.0,98.0,16.0,8.0,0.053,0.0005576923076923077,0.17848076923076922,0.0018846153846153845,0.01173076923076923,0.0,0.039384615384615386,0.013615384615384616,0.039384615384615386,0.0018846153846153845,0.05111538461538462,0.027018813172161604,0.0002843053635677382,0.0009607560561944256,0.005980216268148976,0.0,0.0200778408478182,0.006940972324343402,0.0200778408478182,0.0009607560561944256,0.026058057115967176,0.00018626903130300088,9.80363322647373e-06,9.80363322647373e-06,6.862543258531612e-05,2.9410899679421194e-05,9.80363322647373e-06,6.862543258531612e-05,2.9410899679421194e-05,2.9410899679421194e-05,9.80363322647373e-06,9.80363322647373e-06,0.0,0.0,0.0,0.0,0.0,0.509788927776634,-0.02156799309824221,26.810303285527063,17.19935507872351,0.15789473684210525,0.05263157894736842,0.3684210526315789,0.15789473684210525,0.15789473684210525,0.05263157894736842,0.05263157894736842,0.0,0.0,0.0,0.0,0.0,0.05263157894736842,0.05263157894736842,0.3684210526315789
34,10.0,6.0,0.0,1.0,2.0,4.0,0.0,1.0,0.0,0.0,1.0,0.0,0.0,0.0,1.0,3333.0,0.0,0.0,0.0,0.0,0.072014458,0.0,0.0,0.0,1.0,0.0,2506.3284,5.0,2164.0,0.0,0.0,5.0,20.0,0.03951931,WARWICKSHIRE,2531.0,12243.0,40840.0,34560.0,6245.0,0.038597524,3.0,0.10159589,0.16558357,25.0,5.0,456.0,0.69,4.0,0.0,37107.0,86829.0,54714.0,65455.0,0.0,WM,0.13046739,1.0,15.0,1038.0,5.0,131.0,20.0,5.0,0.09644097222222223,0.013194444444444444,0.18070023148148148,0.003790509259259259,0.030034722222222223,0.0,0.06261574074074074,0.033825231481481484,0.06261574074074074,0.003790509259259259,0.09265046296296296,0.05092047971889084,0.006966618287373005,0.002001374990451455,0.015858223206783286,0.0,0.0330608815216561,0.01785959819723474,0.0330608815216561,0.002001374990451455,0.04891910472843938,0.0003819417920708884,7.638835841417768e-05,6.111068673134214e-05,4.583301504850661e-05,9.166603009701322e-05,6.111068673134214e-05,0.00015277671682835536,1.5277671682835534e-05,1.5277671682835534e-05,0.0,1.5277671682835534e-05,3.055534336567107e-05,0.0,0.0,0.0,0.0,0.5279963333587961,0.09594377816820716,26.1158912774559,21.83033955167248,0.24,0.16,0.4,0.04,0.04,0.0,0.04,0.08,0.0,0.0,0.0,0.0,0.16,0.2,0.12
35,0.0,0.0,0.0,1.0,0.0,0.0,0.0,0.0,0.0,0.0,0.0,0.0,1.0,0.0,0.0,154.0,0.0,1.0,1.0,1.0,0.066312291,0.0,0.0,0.0,0.0,0.0,2080.6794,0.0,0.0,0.0,0.0,0.0,0.0,0.0,WESTMORLAND,,,,,,0.0,1.0,0.01155019,0.92020965,3.0,0.0,0.0,0.82999998,0.0,0.0,4807.0,33777.0,13358.0,42199.0,0.0,NW,0.17756118,0.0,0.0,0.0,3.0,154.0,3.0,3.0,,,,,,,,,,,,0.003649375577620323,0.0,0.003649375577620323,0.0,0.0,0.0,0.003649375577620323,0.0,0.003649375577620323,0.0,7.109173203156473e-05,0.0,0.0,2.3697244010521577e-05,0.0,0.0,0.0,0.0,0.0,2.3697244010521577e-05,2.3697244010521577e-05,0.0,2.3697244010521577e-05,0.0,0.0,0.0,,,20.281356176256658,6.420018384379641,0.0,0.0,0.0,0.0,0.0,0.3333333333333333,0.3333333333333333,0.0,0.3333333333333333,0.0,0.0,0.0,0.0,0.0,0.3333333333333333
36,7.0,4.0,0.0,1.0,0.0,2.0,0.0,1.0,0.0,0.0,1.0,0.0,2.0,0.0,0.0,3758.0,0.0,0.0,0.0,0.0,0.070875704,0.0,1.0,1.0,0.0,0.0,3425.0671,6.0,2785.0,0.0,0.0,6.0,13.0,0.0,WILTSHIRE,7169.0,23065.0,92200.0,76120.0,11919.0,0.38813779,3.0,0.15956843,0.37410823,18.0,3.0,1264.0,0.58000004,1.0,0.0,63470.0,159857.0,82847.0,115163.0,0.0,SW,0.081771567,1.0,7.0,923.0,5.0,50.0,12.0,5.0,0.04936941671045717,0.016605359957961113,0.15658171308460325,0.0006568575932737783,0.012125591171833946,0.0,0.03658696794534945,0.012782448765107724,0.03658696794534945,0.0006568575932737783,0.0487125591171834,0.032632008544410965,0.010975747418875853,0.00043416722384793726,0.008014726952232923,0.0,0.024183114368330105,0.00844889417608086,0.024183114368330105,0.00043416722384793726,0.032197841320563025,0.00015630020058525742,2.6050033430876238e-05,8.683344476958746e-06,2.6050033430876238e-05,3.4733377907834984e-05,1.7366688953917492e-05,6.078341133871122e-05,8.683344476958746e-06,8.683344476958746e-06,0.0,8.683344476958746e-06,0.0,1.7366688953917492e-05,0.0,0.0,0.0,0.6609761815860997,0.13962817918949663,33.62357484908836,24.18843122810645,0.2222222222222222,0.1111111111111111,0.3888888888888889,0.05555555555555555,0.05555555555555555,0.0,0.05555555555555555,0.0,0.1111111111111111,0.0,0.0,0.0,0.05555555555555555,0.16666666666666666,0.16666666666666666
37,1.0,7.0,0.0,0.0,0.0,3.0,0.0,1.0,0.0,0.0,1.0,0.0,0.0,0.0,1.0,4129.0,0.0,0.0,0.0,1.0,0.059470292,0.0,0.0,0.0,1.0,0.0,1829.3949,5.0,3812.0,0.0,0.0,5.0,11.0,0.059991479,WORCESTERSHIRE,2749.0,7198.0,35640.0,25040.0,7081.0,0.27923578,2.0,0.17450021,0.2345022,14.0,3.0,162.0,0.63999999,3.0,0.0,26376.0,60470.0,29105.0,65614.0,0.0,WM,0.11145177,1.0,6.0,293.0,3.0,24.0,9.0,3.0,0.1648961661341853,0.00646964856230032,0.28278753993610223,0.0009584664536741214,0.011701277955271566,0.0,0.15223642172523963,0.012659744408945687,0.15223642172523963,0.0009584664536741214,0.1639376996805112,0.06292864327734934,0.002468985277532234,0.00036577559667144206,0.004465510409363855,0.0,0.05809735727131405,0.004831286006035297,0.05809735727131405,0.00036577559667144206,0.06256286768067791,0.00021336909805834121,4.572194958393026e-05,4.572194958393026e-05,3.048129972262017e-05,0.00010668454902917061,4.572194958393026e-05,1.5240649861310086e-05,1.5240649861310086e-05,1.5240649861310086e-05,1.5240649861310086e-05,0.0,0.0,0.0,0.0,0.0,0.0,0.38162587252720453,0.16155088852988692,35.86650427417284,15.909632195869793,0.5,0.21428571428571427,0.07142857142857142,0.07142857142857142,0.07142857142857142,0.07142857142857142,0.0,0.0,0.0,0.0,0.0,0.0,0.21428571428571427,0.21428571428571427,0.14285714285714285
38,10.0,6.0,0.0,2.0,1.0,4.0,0.0,2.0,0.0,0.0,3.0,0.0,3.0,0.0,0.0,2822.0,0.0,0.0,1.0,0.0,0.059048787,0.0,0.0,0.0,0.0,1.0,3067.3535,3.0,1114.0,1.0,360.0,4.0,20.0,5.96e-08,"YORKSHIRE, EAST RIDING",5230.0,16764.0,24720.0,18880.0,7744.0,0.019176926,7.0,0.39606059,0.041618049,31.0,8.0,354.0,,8.0,1.0,,115777.0,76760.0,66520.0,1.0,YH,0.034095112,1.0,17.0,1065.0,10.0,283.0,27.0,11.0,0.14947033898305084,0.01875,0.4101694915254237,0.014989406779661017,0.05640889830508475,0.019067796610169493,0.05900423728813559,0.07139830508474576,0.07807203389830508,0.03405720338983051,0.11541313559322033,0.04242333132892363,0.005321707757065544,0.004254359591100421,0.01601022248947685,0.005411906193625977,0.016746843054720385,0.02026458208057727,0.022158749248346363,0.009666265784726399,0.03275706554419723,0.0004660252555622369,0.00012026458208057727,0.00012026458208057727,0.0001052315093205051,9.019843656043295e-05,6.0132291040288637e-05,0.0001503307276007216,3.0066145520144318e-05,4.5099218280216476e-05,0.0,3.0066145520144318e-05,1.5033072760072159e-05,4.5099218280216476e-05,0.0,0.0,0.0,0.28382441371016237,0.08779314491882141,21.686447290799705,25.024830036707538,0.1935483870967742,0.12903225806451613,0.3225806451612903,0.06451612903225806,0.0967741935483871,0.0,0.06451612903225806,0.03225806451612903,0.0967741935483871,0.0,0.0,0.0,0.25806451612903225,0.25806451612903225,0.22580645161290322
39,2.0,9.0,0.0,2.0,1.0,9.0,0.0,2.0,0.0,0.0,2.0,0.0,1.0,1.0,0.0,5048.0,0.0,0.0,1.0,3.0,0.038833689,0.0,0.0,0.0,0.0,1.0,5590.6865,7.0,3832.0,1.0,323.0,8.0,20.0,0.0,"YORKSHIRE, NORTH RIDING",5524.0,9557.0,16400.0,11000.0,7116.0,0.22483705,6.0,0.081378415,0.40639222,32.0,10.0,246.0,,10.0,1.0,,163634.0,73099.0,101596.0,1.0,YH,0.15268345,1.0,13.0,377.0,11.0,516.0,24.0,12.0,0.45890909090909093,0.022363636363636363,0.6469090909090909,0.04690909090909091,0.034272727272727274,0.029363636363636363,0.3483636363636364,0.08118181818181819,0.37772727272727274,0.07627272727272727,0.38263636363636366,0.04968699555100595,0.0024213551714634433,0.005078940115752589,0.0037107760148037323,0.0031792590259459032,0.03771802039450372,0.00878971613055632,0.04089727942044962,0.008258199141698492,0.04142879640930745,0.00031497303043426906,9.842907201070908e-05,9.842907201070908e-05,5.905744320642545e-05,8.858616480963818e-05,8.858616480963818e-05,1.9685814402141816e-05,1.9685814402141816e-05,1.9685814402141816e-05,2.9528721603212726e-05,1.9685814402141816e-05,9.842907201070908e-06,9.842907201070908e-06,0.0,0.0,9.842907201070908e-06,0.10827197921177999,0.0531516988857829,18.172365772969027,13.075138446772145,0.28125,0.28125,0.0625,0.0625,0.0625,0.09375,0.0625,0.03125,0.03125,0.0,0.0,0.03125,0.3125,0.3125,0.1875
40,10.0,6.0,0.0,1.0,0.0,7.0,0.0,1.0,0.0,0.0,1.0,0.0,0.0,0.0,0.0,4751.0,0.0,0.0,1.0,0.0,0.05879087,0.0,0.0,0.0,0.0,1.0,7423.7495,9.0,3760.0,0.0,0.0,9.0,23.0,0.32698375,"YORKSHIRE, WEST RIDING",6470.0,11487.0,34680.0,20080.0,10583.0,0.006710161,3.0,0.14202295,0.48071727,26.0,5.0,178.0,,5.0,1.0,,127371.0,87049.0,197498.0,1.0,YH,0.16244291,1.0,14.0,991.0,3.0,0.0,17.0,3.0,0.23660358565737052,0.008864541832669322,0.5270418326693227,0.0,0.04935258964143426,0.0,0.18725099601593626,0.04935258964143426,0.18725099601593626,0.0,0.23660358565737052,0.024055939806985387,0.000901274949619743,0.0,0.005017772331871715,0.0,0.019038167475113672,0.005017772331871715,0.019038167475113672,0.0,0.024055939806985387,0.0001316469027534456,2.531671206797031e-05,2.531671206797031e-05,1.5190027240782186e-05,3.038005448156437e-05,3.5443396895158435e-05,5.063342413594062e-05,5.063342413594061e-06,5.063342413594061e-06,0.0,5.063342413594061e-06,0.0,0.0,0.0,0.0,0.0,0.10167191566496876,0.0739247992384733,26.6035377405986,11.72574586467391,0.23076923076923078,0.2692307692307692,0.38461538461538464,0.038461538461538464,0.038461538461538464,0.0,0.038461538461538464,0.0,0.0,0.0,0.0,0.0,0.19230769230769232,0.19230769230769232,0.11538461538461539
